{"cameraMode":{"drawMode":0,"name":"Shaded","section":"Shading Mode"},"sceneLighting":true,"audioPlay":false,"sceneViewState":{"showFog":true,"showMaterialUpdate":false,"showSkybox":true,"showFlares":true,"showImageEffects":true,"showParticleSystems":true},"in2DMode":false,"pivot":{"x":658.5322265625,"y":335.8515625,"z":-20.21875},"rotation":{"x":0.13756608963012696,"y":-0.005945685785263777,"z":0.0008207409409806132,"w":0.9905068874359131},"size":390.02728271484377,"orthographic":true}